{
	"pages": [ //pages数组中第一项表示应用启动页，参考：https://uniapp.dcloud.io/collocation/pages
		{
			"path": "pages/recordsQuery/recordsQuery",
			"style": {
				"navigationBarTitleText": "记录查询"
			}
		},
		{
			"path": "pages/homePage/homePage",
			"style": {
				"navigationBarTitleText": "院内布草管理工作台"
			}
		},
		{
			"path": "pages/getStatistics/getStatistics",
			"style": {
				"navigationBarTitleText": "领用统计"
			}
		},
		{
			"path": "pages/scan/scan",
			"style": {
				"navigationBarTitleText": "扫描数量"
			}
		},
		{
			"path": "pages/receive/receive",
			"style": {
				"navigationBarTitleText": "布草领用"
			}
		},
		{
			"path": "pages/index/index",
			"style": {
				"navigationBarTitleText": "登录"
			}
		},
		{
			"path": "pages/my/my",
			"style": {
				"navigationBarTitleText": "个人中心"
			}
		},
		{
			"path": "pages/record/record",
			"style": {
				"navigationBarTitleText": "记录"
			}
		}
	],
	"globalStyle": {
		"navigationBarTextStyle": "black",
		"navigationBarTitleText": "uni-app",
		"navigationBarBackgroundColor": "#F8F8F8",
		"backgroundColor": "#F8F8F8"
	},
	"uniIdRouter": {},
	"tabBar": {

		"color": "#7A7E83",
		"selectedColor": "#2B7DD7",
		"backgroundColor": "#ffffff",
		"borderStyle": "white",
		"position": "bottom",
		"list": [{
				"pagePath": "pages/homePage/homePage",
				"text": "首页",
				"iconPath": "",
				"selectedIconPath": ""
			}, {
				"pagePath": "pages/record/record",
				"text": "记录",
				"iconPath": "",
				"selectedIconPath": ""
			}, {
				"pagePath": "pages/my/my",
				"text": "我的",
				"iconPath": "",
				"selectedIconPath": ""
			}


		]
	}
}